<?xml version="1.0" encoding="UTF-8"?>
<!DOCTYPE hibernate-mapping PUBLIC 
    "-//Hibernate/Hibernate Mapping DTD 3.0//EN"
    "http://www.hibernate.org/dtd/hibernate-mapping-3.0.dtd">
<hibernate-mapping>
	<class name="bean.Title" table="title">
		<id name="isbn" column="isbn">
			<!-- 
				亲自测试过
			  	<generator class="native"></generator>在第一次加载配置文件时
			  	如果<property name="hibernate.hbm2ddl.auto">update</property>
			  	如果数据库中没有对应的表，则创建，native与表中 ‘自增属性’ 对应
			  -->
			<generator class="native"></generator>
		</id>
		<property name="title" column="title"></property>
		<property name="copyright" column="copyright"></property>
		<property name="imageFile" column="imageFile"></property>
		<property name="editionNumber" column="editionNumber"></property>
		<property name="publisherId" column="publisherId"></property>
		<property name="price" column="price"></property>
	</class>

</hibernate-mapping>