<?xml version="1.0" encoding="UTF-8"?>
<!DOCTYPE hibernate-mapping PUBLIC 
    "-//Hibernate/Hibernate Mapping DTD 3.0//EN"
    "http://www.hibernate.org/dtd/hibernate-mapping-3.0.dtd">
<hibernate-mapping>
	<class name="bean.User" table="user">
		<id name="username" column="username">
			<!-- 
				亲自测试过
			  	<generator class="native"></generator>在第一次加载配置文件时
			  	如果<property name="hibernate.hbm2ddl.auto">update</property>
			  	如果数据库中没有对应的表，则创建，native与表中 ‘自增属性’ 对应
			  -->
		</id>
		<property name="password" column="password"></property>
	</class>

</hibernate-mapping>