<?xml version="1.0" encoding="UTF-8"?>
<!DOCTYPE hibernate-configuration PUBLIC
	"-//Hibernate/Hibernate Configuration DTD 3.0//EN"
	"http://www.hibernate.org/dtd/hibernate-configuration-3.0.dtd">

<!-- 告诉hibernate要连接的数据库的信息 -->
<hibernate-configuration>
	<session-factory><!-- 生产session的工厂 session是connection ps:并不是域对象 -->
		<!-- 数据库的驱动 -->
		<property name="hibernate.connection.driver_class">com.mysql.jdbc.Driver</property>
		<!-- 
			数据库的地址
			jdbc:mysql:///test 相当于 jdbc://localhost:3306/test  ///代表从本地找
		 -->
		<property name="hibernate.connection.url">jdbc:mysql:///bookstore</property>
		<!-- 数据库的用户名 -->
		<property name="hibernate.connection.username">long</property>
		<!-- 数据库的密码 -->
		<property name="hibernate.connection.password">long</property>
		<!-- 
			配置数据库的方言
			分页:
				mysql: select * from 表 limit ?,?
				sqlserver: select * from 表 top ?,?
				让hibernate生成符合我mysql数据库的sql语句
		-->
		<property name="hibernate.dialect">org.hibernate.dialect.MySQLDialect</property>
		<!-- 告诉hibernate要用c3p0 -->
		<property name="hibernate.connection.provider_class">org.hibernate.connection.C3P0ConnectionProvider</property>
		<!-- hibernate自动生成的sql语句在控制台显示 -->
		<property name="hibernate.show_sql">true</property>
		<!-- 显示的sql语句更加的格式化 -->
		<property name="hibernate.format_sql">true</property>
		
		<!-- 
			让hibernate根据映射关系自动生成数据库的表 
			默认hibernate不会主动创建表
			key: hibernate.hbm2ddl.auto
			value:
				create: 没有表创建表，有表删除掉创建表
				create-drop:没有表创建表，有表删除掉表 用完就全删
												  做测试用
				update: 企业开发用 没有表 创建表 有表 使用表
				validate: 默认 不创建表
		-->
		<property name="hibernate.hbm2ddl.auto">update</property>
		
		<!-- 配置与当前线程绑定的session进行开启配置 -->
		<property name="hibernate.current_session_context_class">thread</property>
		<!-- 加载映射文件的地址 -->
		<mapping resource="bean/Title.hbm.xml"/>
		<mapping resource="bean/BookOrder.hbm.xml"/>
		<mapping resource="bean/User.hbm.xml"/>
		
	</session-factory>
</hibernate-configuration>